n_hit,uid,aHIVdeath,aHIVslowrecov,aHIVtreatinit,alphaH,alphaHmul2010,atheta,chi,epsilonH,epsilonHmul2010,eta,j1A0,j2A0,j3A0,j4A0,kappa,lambdaH,muDc,muH1,muH2,muK,multiplier,omegaS0,pEhigh,phiH,phiHmul2010,pR,pT,rho,sageA15,sigma,smul,theta,zeta
38,41db673d450333d78cac68cc3b6ab6e5,3.410456169,1.753087038,2.929462075,0.222683672,2.087042701,25.62569245,0.165883765,0.523848734,0.291770345,0.451631277,0.571138761,0.87575637,0.330348943,0.618539393,0.058566423,1.124802969,0.128126727,0.004469696,0.012035062,0.017333879,1.319601619,0.031185369,0.398469311,2.215691225,3.665542449,0.732492724,0.001009262,0.002370126,0.658555763,0.000929116,1.062383325,0.108591,0.331500265
38,d7f48b6638155c15599b075c01e912bf,2.335164053,1.434474973,2.441585915,0.941956529,0.661562537,21.32921469,0.188438033,0.193029279,0.92088982,0.443782741,0.27994578,0.465458844,0.708458316,0.704825885,0.210365758,1.193306661,0.136045715,0.010446765,0.055284522,0.010886307,1.037407389,0.040775744,0.360927995,1.246973672,3.18053722,0.659097989,0.000999513,0.004959014,0.855188837,0.000815674,1.308590071,0.087283222,0.354332179
37,79f890cda3c08efaf942544bee5113ac,3.750512101,0.937290814,2.096673934,0.158917175,2.347786577,20.74442078,0.171523361,0.399798511,0.446002703,0.516255571,0.642392156,0.582588274,0.71345657,0.567340565,0.121625483,1.268281236,0.11961399,0.010379508,0.085326358,0.011788605,0.339997071,0.039247154,0.339364781,2.607405736,1.84845371,0.715856788,0.000912799,0.008330178,0.697637404,0.000681116,1.179654895,0.097130868,0.422595475
37,ba1054d844d2bca93fe9d995e3b7dc22,2.799098877,1.280017456,2.448823126,0.515545925,1.283782123,26.55605668,0.159726263,0.268836698,0.583342464,0.526892165,0.446631318,0.53486587,0.603297481,0.546198475,0.113235573,1.103527162,0.117662135,0.004214367,0.019703084,0.02167371,0.656750583,0.030128153,0.355987265,2.394964281,2.34335302,0.694818579,0.00100444,0.003652389,0.879647171,0.00081796,0.995030627,0.084948884,0.341273289
37,29dbdc71953786fe65b575495d8640ba,2.774355633,0.561197222,2.273720263,0.319973439,1.19717203,29.13889847,0.168929404,0.521968148,0.388426411,0.569107548,0.661035208,0.593594605,0.570383039,0.485755443,0.149997321,1.242647072,0.135829411,0.004968926,0.063684494,0.018224306,0.831959448,0.03400273,0.392849783,3.270478595,1.203109462,0.688470941,0.001004663,0.003746679,0.829229155,0.000766189,1.245771686,0.092984773,0.31369593
37,8b3ab1972f798bca4bd5f7026b4808c4,2.472381044,1.358525094,1.566558771,0.330072534,1.847910323,28.21775865,0.152728568,0.308375628,0.51175474,0.532324852,0.717846456,0.593712079,0.718943948,0.700330144,0.190864982,1.155803477,0.105645549,0.004547351,0.041779729,0.015238587,0.344141416,0.027692135,0.430741101,4.459008523,2.542516785,0.711315121,0.000926044,0.003218568,0.802255593,0.001021439,1.151158481,0.100849783,0.27742428
37,e71b61a3cf13ca7673c22d0ce2727eca,2.070905076,0.934625021,2.588759346,0.254060788,1.831653745,29.78391037,0.13612982,0.445340256,0.446979197,0.504146188,0.707359683,0.556492132,0.534132856,0.528855255,0.104789364,1.132832828,0.133671987,0.003874068,0.019456592,0.011110255,0.942856312,0.02947224,0.416261031,2.776240018,1.264045737,0.721725145,0.000981929,0.002586426,0.816332254,0.000946121,1.196598111,0.084064824,0.292342646
37,fd25736ecb62b0d1b9cc288847610471,3.201420447,1.304754559,1.975498031,0.327974504,1.730873278,29.66789402,0.171471334,0.480124502,0.396463905,0.551245734,0.596192703,0.67728902,0.541043737,0.679356389,0.120911806,1.160034943,0.119619254,0.003863047,0.058593127,0.017561941,0.92610482,0.031732443,0.408898638,3.746449174,2.685170948,0.662264552,0.000982026,0.003108517,0.780560802,0.000905903,1.130961295,0.101180349,0.33845386
37,0e6cb25a457b309a1e6d5b22b294617d,3.027409792,0.496039801,1.815256231,0.250540124,1.234466257,25.37503453,0.176663835,0.763680335,0.323232341,0.611546476,0.617466896,0.5944066,0.658825168,0.404049246,0.163247618,1.232605784,0.125553699,0.004812004,0.060992772,0.01640834,0.896156604,0.035224627,0.378128154,3.110353683,1.59243835,0.686855289,0.00101284,0.004170624,0.788482896,0.000825057,1.308684963,0.095557191,0.350112541
37,bf3acedd469111b1ce1e7ee38c366b9c,2.268984969,1.160184817,2.555427859,0.242154823,1.418980974,25.96145278,0.160617139,0.51269106,0.386744016,0.488699622,0.553658205,0.375972478,0.515046027,0.644739927,0.144576597,1.195096149,0.14618169,0.000765415,0.06084205,0.020148573,0.903673209,0.032864346,0.38749229,2.614104878,2.007389027,0.721750046,0.000993862,0.005042152,0.782074493,0.001062234,1.030269408,0.08567099,0.309999128
37,9c6fbda5b5becf1769e7bf06ff50c5f0,2.718683549,1.04993382,1.715454624,0.258410074,1.507407542,27.98230359,0.161735262,0.502995091,0.448156769,0.499757583,0.515077217,0.634249465,0.83090521,0.631453303,0.180156156,1.208157032,0.125074835,0.004821383,0.063477486,0.014370076,1.051931182,0.02835296,0.385159046,3.197204801,1.496083915,0.720176767,0.000983705,0.003411603,0.864896892,0.00087061,1.262926478,0.091734024,0.309225219
37,9a440014684955c52f5498b7da2362f3,3.049940478,0.357887234,1.717505351,0.333755782,1.345315686,27.20245312,0.180058037,0.761857278,0.285016153,0.622915689,0.580687285,0.586920116,0.69534444,0.380974425,0.168999717,1.25637748,0.125519777,0.005155205,0.075073836,0.016108646,0.877961356,0.035566347,0.381540744,3.325495958,1.690717164,0.681021689,0.001038142,0.003648431,0.761339513,0.000752767,1.367299857,0.09562801,0.354358491
37,f84a56830fe371ecc8d43db71fa27622,3.6850629,1.414537746,3.114345125,0.161812967,2.653650817,20.16085662,0.163227195,0.644383669,0.281974788,0.439853674,0.41579386,0.864759624,0.497719434,0.697972034,0.02543738,1.170551449,0.130000461,0.002536994,0.039222036,0.01613276,1.466602146,0.030677194,0.374486725,1.498610538,4.289899925,0.710874839,0.0009925,0.003039268,0.594480403,0.001017764,1.118655631,0.102737944,0.377565848
37,49fddd26543121a516326443813e104e,3.936044632,0.918006236,2.367466591,0.338995243,1.082663733,27.57201294,0.175334376,0.615669321,0.395615931,0.41004903,0.331190824,0.656042763,0.363433479,0.88166796,0.101349822,1.247509713,0.12266385,0.011497238,0.094033846,0.012597385,1.232454947,0.033665334,0.36339885,1.3904516,3.556090879,0.649582712,0.000997746,0.003728406,0.631376193,0.000632175,0.525640652,0.092821693,0.345392018
37,b530407f013eb20180cae923e7455474,4.155122078,0.781741591,2.691781361,0.209874949,1.244438319,30.33754874,0.178294408,0.589364559,0.426778377,0.419289902,0.26086737,0.644359857,0.364562048,0.887309573,0.096847005,1.248749895,0.114597891,0.011520591,0.090569206,0.012819258,1.343109814,0.032695857,0.366543843,1.543425285,3.33097747,0.645288143,0.001042948,0.002391192,0.681162023,0.000602987,0.437053763,0.093644475,0.351323262
37,617a99d6757cfb5d26e5c56bea162038,4.520220183,0.775723225,1.111816517,0.473406866,0.935029538,25.30732832,0.193273278,0.330270826,0.710045469,0.685757851,0.327274242,0.51269047,0.361251806,0.525051031,0.126643305,1.25499747,0.11864497,0.005809156,0.100873168,0.008868109,0.413114581,0.043511026,0.360159897,4.649575233,3.666066916,0.709521295,0.001302359,0.002871748,0.464872687,0.000843581,0.557077094,0.095092264,0.489790137
37,361b07d074343df22e167a3d8c72ffba,3.364553343,0.886930633,0.773699677,0.734225419,0.383781612,23.54673546,0.16694901,1.027379191,0.277207876,0.715129929,0.51273927,0.737415648,0.506051617,0.410966199,0.146112643,1.246312352,0.128066261,0.004200989,0.075328353,0.010218007,0.843343011,0.035111617,0.373676198,2.37361699,1.853874639,0.671645391,0.001006423,0.004626049,0.688499957,0.000647257,1.010814228,0.092483792,0.345155598
37,bc70c778f92eb135b9a383457972a525,4.020081807,0.389078561,1.136506708,0.508622806,0.793575811,26.9103099,0.153553564,0.391759065,0.637136853,0.582062575,0.306880681,0.430856434,0.462918562,0.725135049,0.135450772,1.065908787,0.092001821,0.00882382,0.014978317,0.010056666,1.115885318,0.034805661,0.3740129,3.043158157,4.150945161,0.734228322,0.001021785,0.003659386,0.833338033,0.000747915,1.01060738,0.094167555,0.304810408
37,8c819484bbabaa03663653d1fdd643f0,4.248803249,0.762276868,1.637143811,0.367119999,0.881609495,28.15269317,0.156667442,0.390647,0.584956021,0.560372992,0.38224536,0.250457916,0.436216896,0.550567261,0.133956772,1.182583005,0.080868231,0.009945172,0.056244956,0.009376034,0.812511354,0.039319829,0.37165522,3.226320585,3.84562731,0.761388787,0.001109083,0.002524532,0.92970754,0.000753607,1.3091404,0.093260253,0.327260677
37,98873750111967688182292c332ea7e7,3.506361391,0.703559603,0.922474681,0.806858373,0.860641674,26.4362965,0.14736867,0.198349296,0.862776355,0.478908697,0.334421951,0.51070024,0.421203765,0.621193552,0.174571582,1.108467259,0.085428308,0.010354775,0.045567533,0.006512678,1.351814447,0.030116001,0.368751345,3.261479956,4.560048236,0.738497301,0.000842676,0.003674337,0.760594315,0.000960835,0.777020809,0.103846858,0.352895409
37,5df7aef431e1b96490e1ea26a07f6206,3.791540756,1.119525609,1.287631039,0.601200964,0.789159529,25.65186499,0.164158532,0.349870831,0.541589736,0.50931973,0.371171527,0.2525221,0.617238185,0.647056663,0.180965528,1.147963623,0.070408841,0.009566718,0.039569872,0.007774432,0.870377844,0.036303869,0.367957479,3.012429891,4.266351518,0.74230698,0.000987013,0.003156958,0.981998849,0.000941261,1.437101169,0.096187136,0.313102548
37,0cddadb5024c03ea8101afd80f621cc9,3.989689796,0.920423911,0.942560079,0.383283981,0.834683119,25.84455319,0.14938514,0.718520009,0.416276632,0.642789857,0.248621562,0.648934801,0.301409537,0.826140383,0.155234132,1.169373401,0.10786759,0.010229585,0.048128752,0.007062341,0.60528893,0.033712202,0.375389122,3.68469147,2.58480549,0.764244425,0.001080642,0.003940538,0.735815994,0.000998167,1.073956635,0.093859922,0.302913115
37,280922186893c9e4e64f694f88148810,3.848720314,0.848881629,1.528347063,0.459860016,0.957672595,28.87552588,0.157880579,0.276991299,0.772413992,0.443794616,0.524739554,0.347253553,0.416012278,0.64821559,0.162613003,1.104124602,0.087134215,0.010009817,0.033306367,0.007984487,0.938624359,0.03368601,0.373992206,3.140823524,3.969544588,0.735219963,0.000941865,0.003324699,0.815810049,0.000751959,0.929121883,0.102363518,0.365693187
37,dd4d20eaba5eb6095f1498afc20dd652,3.943108245,1.159385933,1.996494609,0.389963311,0.784079695,31.41273702,0.164255944,0.417914519,0.744917105,0.470954303,0.515527798,0.410742675,0.308262165,0.799812704,0.14613556,1.063486865,0.116162134,0.008171004,0.041819753,0.009061497,0.757148953,0.034147781,0.362849845,3.559293248,3.131086797,0.717618612,0.000937868,0.003258346,0.793003264,0.000742244,0.872723374,0.101924621,0.339469433
37,81204f1e0b092501ecf8ec3f06d3ebde,3.935834406,0.876861993,1.297367584,0.428771449,0.737105466,24.88681873,0.157440282,0.676454618,0.446540363,0.619283653,0.187704101,0.615768216,0.307674297,0.932383227,0.136732135,1.158248784,0.106629406,0.010365828,0.05822317,0.007669574,0.575004591,0.03431058,0.371139696,3.376839441,2.210755801,0.771712254,0.001144401,0.003912684,0.746478312,0.000995369,1.070022051,0.092085895,0.316365148
37,77487c34df0c484928935509ac9da459,3.944886271,0.736628356,1.414486131,0.424748473,0.797673368,26.65780113,0.157156114,0.324486623,0.615046467,0.519310895,0.315397282,0.293828693,0.493539689,0.634558327,0.156383338,1.136592193,0.078485512,0.010180684,0.044407794,0.00719483,1.017144267,0.037905566,0.369719347,3.114354297,4.110506102,0.748563495,0.00102373,0.003004295,0.942922731,0.000772118,1.387502797,0.09517762,0.307877066
37,c67ca86882c51447c455dca126b6b23e,3.939548213,0.716796212,0.936786701,0.496170695,0.531854608,25.1870173,0.148733884,0.390898797,0.755372943,0.512328631,0.205697717,0.584487071,0.338389939,0.682545994,0.139293523,1.13674726,0.084473391,0.010974166,0.031847107,0.006259514,1.218369508,0.030704248,0.368338754,3.105716204,3.986479813,0.745540166,0.000918978,0.003146132,0.774239022,0.000825795,0.913622833,0.105242623,0.321729673
37,e46e821cd68d33870ec3a343642e750a,4.031340485,0.180846093,0.747329655,0.339184048,0.806084815,25.53858662,0.140594174,0.318651382,0.795596948,0.509118386,0.242373186,0.533139594,0.496386113,0.73340472,0.146815494,1.090475841,0.084847324,0.010028588,0.020066337,0.009651705,1.282926887,0.030913362,0.382601558,2.922549113,4.568532181,0.716762409,0.000896782,0.002324517,0.746812343,0.000939811,1.046493659,0.098756019,0.300727763
37,f8aa4c723b9d6e886e78ca63d031f2b3,3.863044327,0.565070697,1.00455886,0.202687492,1.01147713,26.75894401,0.151460481,0.449039616,0.684454088,0.533716721,0.21402067,0.541520083,0.499710835,0.840084442,0.158641311,1.071777013,0.100541922,0.009099851,0.028418649,0.008851858,1.040560161,0.032865883,0.381688049,3.17104373,3.913663303,0.730744954,0.000951243,0.003369432,0.75617968,0.000943046,1.053358625,0.099305039,0.295323289
37,9f87b4bcf5d9ad152e07b7f667f1ff4d,3.964845875,0.741089717,1.463411495,0.429868689,1.168092268,25.48626055,0.153758488,0.288519619,0.663301654,0.492899457,0.416766998,0.324095472,0.476897821,0.609672022,0.154491228,1.140007318,0.081118735,0.009211552,0.028980174,0.006316422,1.010699072,0.035265048,0.372375099,3.079158261,4.264394715,0.74791372,0.000922916,0.003532165,0.862904641,0.000848562,1.068464811,0.104245955,0.321453034
37,d76115e1e0f069e22975ef7259ba2fcf,3.935455862,0.955685654,1.38109453,0.436417334,1.224359039,25.19449141,0.165833921,0.323090682,0.623690738,0.496317953,0.445862708,0.336208156,0.557446352,0.565408061,0.168973577,1.158294055,0.079811595,0.009136299,0.030409194,0.006304095,0.954504924,0.035665883,0.372639269,3.085330867,4.348180854,0.747239582,0.000957091,0.003285085,0.877279705,0.000935794,1.114808541,0.104977538,0.333108308
37,d5535f315c5f66324a06c09f598386f5,3.928115076,0.655756574,0.756265075,0.445514426,0.677280019,25.29359236,0.153872234,0.286497401,0.841771192,0.489419466,0.095569029,0.623255228,0.371004223,0.737827338,0.154307896,1.141077441,0.087203922,0.011666302,0.057291518,0.006097688,1.23909329,0.028747851,0.379836257,2.991669776,4.079075476,0.753336461,0.001022684,0.002766033,0.684934707,0.000926853,0.915715215,0.10090271,0.350048658
37,135f723e1f68257017f55ef4eff5d99e,3.928926822,1.003920286,0.941034617,0.390095485,0.79090149,25.14115175,0.155653287,0.683838288,0.462529011,0.614163889,0.195309316,0.66084232,0.341228102,0.880684414,0.154410576,1.153428127,0.108179082,0.010336465,0.052673605,0.007212149,0.6809078,0.0331036,0.373474252,3.565226081,2.555769463,0.76121576,0.001078451,0.00355902,0.743422089,0.001041857,1.153353401,0.094876429,0.307217074
37,44c9baaacb4279cac08b93df2a8bde7b,2.684668843,1.014857956,1.71858615,1.320503583,0.197397945,24.2683993,0.242117013,0.537287726,0.448480188,0.660903272,0.265603247,0.496089824,0.293327389,0.619516884,0.131766614,1.208616772,0.139866258,0.004113651,0.117530365,0.01973212,0.708599153,0.03462503,0.377546841,2.983897111,4.115812925,0.62452384,0.00124652,0.00417381,0.750112753,0.001061601,0.927673151,0.092674538,0.4634221
37,0ae051a646206419a579eae069f8dbb1,4.237562362,1.25295859,2.185367648,0.272842744,1.45063099,21.19121231,0.204425506,0.394287052,0.497222656,0.535886947,0.216919377,0.70829848,0.517195958,0.701401015,0.195687038,1.140319229,0.119730683,0.006412864,0.010012242,0.015810493,0.598189115,0.040135034,0.370867024,2.371117172,1.372457091,0.655497615,0.001168826,0.006071876,0.738938831,0.000700635,1.099391064,0.081861549,0.436617734
37,f3b84dec6f2e2028b918f5b79d9fb980,2.348993593,0.958363033,1.090469843,0.86566765,0.879855588,24.19578806,0.195163687,0.16738679,1.059306651,0.626095632,0.46530464,0.381971746,0.092670476,0.46565866,0.216247362,1.204743149,0.11704617,0.008778477,0.027020109,0.015088033,0.37040209,0.030379419,0.383128155,2.398975431,3.821955022,0.713648394,0.001173468,0.003450152,0.738571502,0.000704036,1.431763996,0.091224591,0.400419299
37,f8d87a1101cd6895efeb92ea7a997020,2.677933126,0.938130835,2.017329428,0.306239561,1.458901815,20.06547789,0.202626717,0.622771153,0.398367026,0.535027295,0.568728862,0.625952095,0.420235555,0.497023428,0.097298569,1.183124867,0.156915477,0.005258917,0.076749059,0.019090092,1.209673177,0.036190091,0.338460543,2.978113376,1.771949219,0.68513831,0.001133628,0.005462227,0.814629353,0.000555341,1.120828356,0.084343344,0.397780985
37,2dab0ff4b78f157cbb63f826288bb48f,2.837586838,0.622220902,2.618567454,0.201967058,2.103334913,20.92578641,0.209539156,0.287437835,0.61095367,0.479514176,0.535587327,0.390115752,0.620700659,0.586049081,0.154386966,1.166682187,0.138055098,0.007964681,0.061870798,0.021982475,1.059671824,0.036870407,0.337676594,3.621066397,3.109868352,0.6929253,0.001080185,0.004449932,0.847637863,0.000643235,1.059543675,0.094719814,0.395722303
37,665dfb3315a85933d4380e5ff5ebce86,2.290979568,1.199366128,2.743937503,0.828371098,0.670936996,22.46205693,0.196252894,0.260071285,0.75073711,0.397898604,0.343934846,0.657557385,0.713283388,0.802475841,0.20959492,1.20685232,0.145840097,0.011068695,0.054104234,0.009333404,1.009533271,0.040636179,0.370931396,1.500351969,2.57140324,0.653344448,0.001053803,0.005279991,0.899467134,0.000770229,1.234346125,0.083765487,0.351267572
37,4806df5441bfdd77deb53e7b6e67c5b2,3.172439395,1.307278902,1.417814842,0.934317414,0.498891295,18.56025592,0.206213567,0.337247266,0.610620017,0.587091974,0.305191134,0.5561149,0.30619245,0.781530266,0.192807899,1.171041626,0.165021113,0.004385198,0.024539527,0.009083445,0.920541735,0.033750806,0.330149506,3.660882651,3.957328722,0.650529774,0.001045861,0.006078831,0.41007881,0.000964819,0.464663629,0.097416022,0.417507565
37,aa94027ca59cc24e74f400ddd00f2539,4.763854175,0.652404696,1.167895858,0.24145825,1.055989562,24.81717018,0.200016187,1.305974326,0.22290913,0.680836857,0.549025326,0.456082525,0.179584956,0.516234283,0.164050112,1.227929665,0.097241627,0.006682106,0.069790212,0.016756206,0.742908809,0.033034185,0.344021576,1.750146091,3.136226186,0.704995957,0.001042182,0.005182828,0.952218602,0.000952369,1.021648795,0.09999037,0.36143763
37,ecdd24c35b0da0f6bdb9a10865d8d8c9,3.258019246,0.945186154,1.986631676,0.396406286,0.633759014,21.23081751,0.187120982,1.061484002,0.298338279,0.448881742,0.382547019,0.683745666,0.099849422,0.705081084,0.157313932,1.266141717,0.127819217,0.008746105,0.10857025,0.007124196,0.699060584,0.03640684,0.393410521,3.859670347,2.083402048,0.708043898,0.001065173,0.006119722,0.683864977,0.000780336,0.874306405,0.096172649,0.355234882
37,94ebf27bee7c7e902887ab48668978f4,4.380710976,0.465162708,1.259725957,0.329556038,1.285013402,26.70174785,0.174240947,1.132603375,0.218283618,0.676619845,0.535850052,0.355506892,0.373690121,0.750000517,0.118889348,1.24401768,0.121145966,0.007693861,0.049815225,0.010922494,1.002044606,0.037518047,0.364862807,2.565985722,2.538411822,0.733369605,0.001074657,0.003896182,0.859504242,0.000672318,1.103350821,0.103690999,0.341214331
37,bbd5c63eb3a22da3f94439bfa06dc862,2.917551741,0.44249147,0.969044739,0.363237506,1.626174711,25.05293057,0.214438347,0.914148933,0.216742916,0.818223849,0.398472771,0.01324335,0.362420751,0.569802789,0.108148646,1.186014526,0.133899985,0.00440469,0.0555424,0.016073962,1.173051136,0.030325434,0.339443467,3.429911144,2.494860243,0.709636496,0.001185158,0.004653259,0.859363476,0.000842003,0.944889447,0.10047513,0.366512513
37,2b28cbca734492f386721681338d9d5b,3.820698649,0.665152729,1.381389298,0.508740458,1.345904951,24.5624072,0.218893102,1.049066467,0.165866816,0.742942467,0.391794852,0.07852262,0.351952037,0.735594391,0.134495535,1.212159018,0.126658107,0.004402457,0.055979031,0.018429113,1.559066485,0.034730899,0.340826559,3.158434582,2.139050083,0.69805327,0.001260249,0.00486025,0.879969288,0.00072961,1.207725771,0.09005317,0.392376448
37,3ea2b1f0943334f08122c145efedcc87,4.046320801,1.192511053,1.133223672,0.369314762,0.853582947,21.62694545,0.207361968,1.143650938,0.234365937,0.748500897,0.631814533,0.070017461,0.438325139,0.594960766,0.148755644,1.164671866,0.11396955,0.004079383,0.020529943,0.013771542,1.302703767,0.033430577,0.327836504,2.352532717,1.986426807,0.711189504,0.001183371,0.004528981,0.865128844,0.000861538,1.188746213,0.087608693,0.410567532
37,121bdcbb6c0425c1610e02dd64d305b4,3.575832009,0.646913622,1.106655053,0.31173546,1.720940503,24.58402067,0.213824678,0.965993594,0.21661838,0.761282201,0.419375009,0.038957786,0.370299902,0.638241282,0.124089952,1.193464555,0.127404364,0.005122897,0.048068805,0.017553096,1.435006798,0.032274673,0.337651574,3.278935057,2.368549028,0.706540587,0.001213091,0.004649243,0.85455725,0.000773813,1.067463027,0.093477675,0.38885603
37,18c5190c756baea870b042db76cbcfba,4.279288511,0.573098802,1.214635966,0.424448247,0.953231954,25.91117871,0.18255695,1.154619054,0.200290648,0.706023914,0.566638658,0.331236713,0.408362874,0.732260608,0.119560949,1.245469924,0.1167322,0.006154503,0.048652353,0.010040793,1.073828541,0.038007038,0.360109348,2.667779501,2.462151106,0.732248509,0.001121278,0.00401211,0.904724031,0.000700575,1.162497003,0.101896538,0.368971819
37,bff217a4d5edf0eb92e61e4832d9b05c,3.845896053,0.763144255,1.666972075,0.330909383,1.469931243,21.60696685,0.199633943,1.209147622,0.180195108,0.664801452,0.574405812,0.261825587,0.304623009,0.768433868,0.179055192,1.242272003,0.123756388,0.005896262,0.068178782,0.013704269,1.28751976,0.036305288,0.351962458,2.81360636,2.459837282,0.729675417,0.001185404,0.005317917,0.776142633,0.000753599,1.038710369,0.096138282,0.338483348
37,c7eb322b7e83b5aa422038a491e4235a,3.836127274,0.716549171,1.323633381,0.445885558,1.172623664,22.29313474,0.211096059,1.124401581,0.180101627,0.751908958,0.49627609,0.141236168,0.287864641,0.738062899,0.138919448,1.221126572,0.126016725,0.004342264,0.043387566,0.015113883,1.393764879,0.035489946,0.343673865,2.910908204,2.00337211,0.714469543,0.00126229,0.00482639,0.836178376,0.000762101,1.135850243,0.092617234,0.373227841
37,60ecb9dfacf858a2f87aeb92d6d6263d,4.391235409,0.309179963,1.417441674,0.286303279,1.295307318,24.15839858,0.17584097,1.186395424,0.233858961,0.656086892,0.611492709,0.271276125,0.139526609,0.830670233,0.136215862,1.268239627,0.134456801,0.005978808,0.055157054,0.008909914,1.093305595,0.035919287,0.363027218,2.588053133,2.151934421,0.745359935,0.001159254,0.004459739,0.765701485,0.000672701,0.938261686,0.097980648,0.312968754
37,c7321aa17ae839a8163832f6954fbbd4,4.40654339,0.743118884,1.063739904,0.317792866,1.130170547,22.26008574,0.192210806,1.03102961,0.210996281,0.561721088,0.182914094,0.483474002,0.113061977,0.68338151,0.189373009,1.176307523,0.109529037,0.010058706,0.024439701,0.016157553,1.440043919,0.037289054,0.377822864,2.748554822,2.405972329,0.676755456,0.0011349,0.005141696,0.690563703,0.000812717,1.092749505,0.086965053,0.393614413
37,49c49fe0fae94690a59c7ed93c1ec288,4.988323091,0.505758969,1.124098759,0.296380618,1.068282932,23.96234886,0.20074303,0.973120562,0.318992449,0.790006298,0.384419699,0.075895633,0.291409023,0.61370572,0.161171507,1.18392461,0.122880092,0.004188148,0.032361738,0.016096897,1.322898911,0.0338829,0.342002662,2.208496558,3.25145582,0.695443817,0.001155999,0.004984328,0.890056037,0.001004003,1.246736361,0.088974034,0.336553157
37,bea96a7da762f4e7d2ac19cd8e46ba71,3.879634832,0.602336835,0.513276451,0.6501709,0.668007447,25.08121504,0.21414749,0.756689102,0.314060222,0.780449216,0.078544909,0.261471648,0.437696793,0.771920775,0.104469622,1.183013271,0.121423522,0.003842464,0.02947669,0.008908468,1.74431398,0.040175242,0.392407926,3.750168232,1.137876125,0.688125189,0.00129635,0.004515567,0.921878418,0.000946059,1.485584266,0.095674848,0.466119777
37,d3453efb19fd5e2eaff1ca0d25ce8187,3.123006416,0.636851742,0.535230182,0.528780811,0.635028024,24.14201679,0.173659355,1.094512985,0.183973378,0.709266147,0.509283676,0.3401667,0.138030234,0.554725343,0.141337778,1.259252052,0.113213477,0.006400628,0.061998215,0.009765965,0.161069353,0.036370611,0.372187472,1.844604755,2.510584276,0.751635767,0.001042914,0.005095275,0.780768792,0.000889058,0.754816497,0.110503333,0.319206126
37,3530d3e37d731419f8e44c3e6f625b0c,4.220420232,1.559710459,1.724766673,0.856687909,0.376749178,23.54020242,0.168662401,0.611469738,0.527370995,0.490324186,0.625269015,0.259663202,0.091566776,0.796336954,0.096999199,1.168463592,0.110864225,0.001999107,0.092858843,0.009121214,0.624703348,0.030066915,0.367488495,1.635605086,0.984638608,0.653425936,0.001087245,0.004473888,0.693578326,0.000614757,0.950605078,0.084202082,0.398005126
37,60d97367ff3b5e2ee886d34d3a2f4282,3.946104673,1.494884892,1.818995518,0.700676771,0.711517633,22.21485777,0.20181196,0.72783123,0.266103625,0.597421527,0.502260521,0.408978763,0.340530592,0.769677199,0.080331945,1.116925394,0.111484558,0.00113999,0.045345619,0.006891087,1.093978609,0.03573734,0.394467165,1.833026881,0.928158663,0.684552887,0.001320338,0.003627574,0.824166692,0.000801416,1.151258506,0.09047555,0.454412708
37,9b1f410bdc15086b5913cdf03a89b75c,3.653345663,1.63585949,1.97801164,0.991054395,0.531639682,25.61895426,0.200435564,0.733952741,0.307257862,0.569913915,0.607096421,0.286428517,0.17462186,0.985481077,0.066217335,1.153762383,0.133836573,0.001629622,0.069494537,0.011632291,0.678958131,0.033459075,0.376956102,1.219206457,0.71573057,0.653133439,0.001257555,0.003786437,0.798045853,0.000763114,0.886038986,0.087751168,0.405898693
37,55e682342388fb93da06c2ad7eb9d590,3.43583226,1.407434869,0.685576841,0.294171361,1.894630971,18.76403504,0.195928712,0.287659898,0.623099122,0.753771578,0.17214544,0.051522271,0.763816608,0.78234219,0.185929536,1.157889471,0.07925835,0.006201418,0.053701799,0.009720785,1.59384384,0.032684242,0.352789255,1.761712716,1.69689921,0.655177892,0.001010745,0.003941334,0.792904549,0.000773528,0.764042362,0.108648928,0.346821623
37,8c090758c851c276ad202e0d2662115f,3.652558326,1.042940592,1.622402954,0.507058799,1.143551458,24.0025242,0.199887863,1.024401598,0.202864857,0.540863011,0.269072085,0.681546842,0.562072176,0.591375726,0.201755157,1.105098914,0.108625745,0.003774303,0.050242788,0.008688641,1.204228016,0.033776787,0.363958964,2.268089717,1.323252932,0.714911458,0.001179223,0.003187566,0.609553604,0.00063453,1.077317729,0.100009676,0.414127625
37,b336be0ac09bc4c9cdb2c1a8f7020762,3.412722685,0.774618838,1.984113917,0.324768947,1.177362327,24.44289443,0.197185978,0.663762571,0.443416759,0.518686947,0.468296751,0.618686097,0.579542025,0.473391525,0.178028877,1.209361064,0.105568467,0.003327425,0.108395775,0.010969992,1.299369063,0.030676093,0.359248616,2.212703381,1.812905676,0.685259065,0.001059807,0.004801739,0.773713039,0.000548786,1.129903569,0.094477545,0.400130977
37,c543cdd34f8baffc802b1e2505aef3d3,2.207947858,0.883121069,1.483630055,0.27821672,0.963706365,26.54491627,0.1760904,0.544746956,0.457343025,0.509708272,0.399113672,0.542669049,0.67469152,0.673291104,0.135546353,1.260990031,0.135558275,0.004615817,0.117463853,0.0182648,0.784809786,0.042984498,0.352752271,2.934703767,2.943959595,0.710353649,0.001053773,0.003663665,0.721347226,0.000688038,0.823077138,0.092031326,0.376644666
37,64559c87c813fcc15a75d5dc0139f127,2.407924231,1.302034916,1.633071764,0.385494948,0.967580523,20.98125646,0.190128735,0.474214645,0.500099458,0.610293302,0.368530885,0.333665048,0.650312697,0.50387548,0.137766144,1.233818171,0.113485293,0.004882581,0.101315511,0.018171038,0.601226157,0.038924715,0.322430634,1.095879772,2.882288354,0.704702829,0.001082385,0.004012058,0.738057776,0.000848994,1.073006331,0.091216681,0.436183276
37,e3bb7ef18c3213be9851e4e3b1039245,2.209108538,1.041099395,1.748505359,0.493621498,0.789373685,23.28676216,0.208293606,0.650416268,0.418586576,0.536294581,0.190906373,0.110165884,0.391894431,0.575699916,0.203037085,1.266519679,0.116205021,0.005544784,0.116730548,0.021817903,0.906422581,0.040106702,0.319267811,1.758537078,2.693406088,0.713197168,0.001092715,0.004191621,0.725280005,0.000942598,0.848189892,0.094792613,0.420583584
37,3048edbe7f7774c6054741407f27c249,2.147370622,0.945660004,1.880139926,0.542480087,0.832708338,26.28704956,0.222194803,0.61936101,0.406559161,0.568634184,0.169431427,0.028020478,0.323188531,0.572546465,0.222457013,1.274881873,0.125869902,0.006353298,0.129592973,0.022715203,0.921807661,0.040954695,0.320153223,2.017222093,2.815229862,0.720614256,0.001155479,0.004522202,0.718864277,0.000878266,0.690651957,0.094996516,0.419951167
37,c206edee1b72ac6bf14bccd06586abeb,3.359447661,0.906303828,1.152258345,1.014784194,0.67977409,23.22975519,0.204933128,0.48044681,0.359968158,0.543801454,0.4228857,0.454093622,0.712424551,0.650468698,0.194971945,1.178573538,0.108663486,0.006612371,0.061707247,0.017864311,0.973947397,0.032792031,0.369060118,2.588534092,1.741411991,0.617341852,0.000969336,0.007040957,0.857753777,0.000424312,0.915943509,0.09831927,0.37148755
37,82a8f4b9e26de133a662d1520853e96e,3.611283563,0.586135467,2.48913922,0.98663984,0.456630833,25.23046867,0.178824232,0.512293034,0.366142894,0.511196929,0.633555303,0.136438017,0.260771173,0.684576838,0.151951567,1.227838173,0.133404711,0.002636829,0.054959527,0.01841767,0.84618758,0.030975405,0.349153224,1.913838772,2.699399421,0.652225769,0.000965834,0.003670984,0.594527088,0.000831842,0.724173599,0.095048974,0.340173064
37,fcf22ff0ecd80a526f53878e3b173b8b,4.008044377,1.391983012,1.802589066,0.643095637,0.564294857,28.31977785,0.164938742,0.524106277,0.38251462,0.486714306,0.593689412,0.449324418,0.08732368,0.604069121,0.175937693,1.187209493,0.103162646,0.003567905,0.034945537,0.022918439,0.736325218,0.032300202,0.359473261,1.925067664,1.325296766,0.698919464,0.000979035,0.002883322,0.688699507,0.000888082,0.880801376,0.092353555,0.334397672
37,47fd55e9ee10124637edc0999e1b872a,4.017025109,1.054873811,2.306340083,1.007624627,0.528356699,23.39890518,0.156714671,0.256429242,0.590157258,0.457377434,0.720324691,0.118529544,0.169575545,0.657130201,0.155865763,1.192794969,0.120906059,0.00069614,0.029919289,0.021244097,0.566249711,0.031999147,0.354299464,1.815286205,2.843914264,0.701810457,0.00095867,0.004141882,0.613386916,0.0008799,1.001857144,0.089738943,0.331840281
37,363db107e8f788942eab5e974ac285c7,3.684635202,1.466032119,2.33727427,0.688830034,0.704688448,27.56887324,0.165207098,0.453102947,0.522775794,0.442618403,0.64774735,0.303028811,0.241752776,0.530724785,0.161840538,1.162699398,0.106079668,0.003463786,0.028598292,0.021294129,1.108732233,0.032300411,0.370594894,2.33339698,1.948231756,0.705258402,0.00097091,0.00316694,0.745263179,0.000769327,0.927086047,0.095003722,0.32630261
37,15d411f971878b5772f870c30b61975e,3.583387978,1.486717618,1.626431342,0.939504855,0.418519208,28.27652027,0.15008895,0.460376369,0.512267005,0.495272008,0.576560518,0.200466281,0.026386851,0.663357829,0.127924792,1.129613768,0.103332136,0.001622059,0.036833227,0.021919705,1.070965697,0.032099279,0.328490733,1.559591911,2.317888234,0.683358419,0.000909869,0.002786072,0.632336284,0.000887502,0.738978319,0.090116631,0.328023148
37,e4ccd0e9728ceb0de117097b964720e4,3.525618024,1.819086427,2.508418226,0.765007955,0.352204329,31.62802728,0.179724767,0.546438136,0.484856321,0.456756195,0.757995498,0.300945443,0.094143355,0.526769734,0.203623823,1.149143272,0.100638952,0.004281631,0.007028207,0.021173879,1.229875597,0.031658964,0.366867176,3.102645539,0.277772991,0.731538732,0.000950037,0.003648963,0.783408517,0.000912992,0.747939252,0.098003353,0.367456836
37,1d259348aeec023f1ff81faeb87468e8,3.141295363,1.289392849,3.119596673,0.250981415,1.091789787,22.80471914,0.154662291,0.466329602,0.520567374,0.465559107,0.343209796,0.354786751,0.454148851,0.509868047,0.148038848,1.089350909,0.130859317,0.004150571,0.015965841,0.019967589,1.214844846,0.033813912,0.35618977,0.426568676,3.218595825,0.716065325,0.000891331,0.003410611,0.737100667,0.000991076,1.475665542,0.096705484,0.309666449
37,11b66043d2db37afd059b92452f2a189,3.881774723,1.137106634,2.327982262,0.285807146,1.156964781,27.13374398,0.173816157,0.530669554,0.431039388,0.597285965,0.366463411,0.521554702,0.505339039,0.388206183,0.178684958,1.183549891,0.110698436,0.000928017,0.032934048,0.015526773,1.446280301,0.036019611,0.346141025,0.61861205,3.231979998,0.747755494,0.001028222,0.004425409,0.752815323,0.001006438,0.661332747,0.094173455,0.330803065
37,4d531d15e81a89e736d158aae64db5dd,3.12190282,1.779997234,2.856411677,0.42657321,0.9621294,29.03152814,0.170221492,0.2853413,0.694067215,0.499842797,0.501573768,0.163881915,0.712781006,0.549232968,0.093044943,1.127409591,0.118349703,0.004991715,0.049861682,0.020713638,0.901876062,0.036343048,0.346347627,3.022032075,1.600671296,0.695181947,0.000961749,0.001949904,0.774950104,0.000780315,0.994385749,0.10356845,0.303658588
37,e7f242445596b5d6e9028c84f290f741,4.260216063,0.518215379,0.770678709,0.438402813,1.003719248,28.58508769,0.157302591,0.565982682,0.3515319,0.579191061,0.568673666,0.292959454,0.428721189,0.724583152,0.061728328,1.120866946,0.161757957,0.007485076,0.054806328,0.008094663,1.410434441,0.03267637,0.339574887,3.184820378,2.803535976,0.733897669,0.001028434,0.002802599,0.471460855,0.000740388,1.24380796,0.096312142,0.393662188
37,3f6379ec7b6f89080523e134c2b057fe,3.971521387,1.067962059,2.464944779,1.407685586,0.332651087,25.86230599,0.235894569,0.512282854,0.431622089,0.620744558,0.211626377,0.655126578,0.484276399,0.849547469,0.040760156,1.222227725,0.146265412,0.010915859,0.091723506,0.012729332,0.781722292,0.04116361,0.365316631,2.5550441,2.063827648,0.662913312,0.001225948,0.006952698,0.85925561,0.001116688,1.083805386,0.09468787,0.475015069
37,1ec58fe67315c670e8783b3b7727fe3b,4.323027878,0.719946525,1.037655516,0.601064809,0.821543959,27.8201152,0.168996507,0.73767239,0.241288817,0.575576974,0.506347302,0.327886413,0.459090407,0.736272658,0.046123221,1.137019692,0.164186582,0.007529805,0.059850655,0.009495128,1.387986574,0.032768717,0.347842551,2.803376695,2.514871883,0.73937416,0.00110623,0.003847799,0.515448144,0.00067193,1.237135805,0.09813662,0.404612195
37,47b9cc5c4b5738b7f8ee5878af2ee0b8,3.971541424,1.436902257,0.65987582,0.530263747,0.518646557,17.9719603,0.198998123,0.619428306,0.445707891,0.929977356,0.680332281,0.652555852,0.260168787,0.530720084,0.095072533,1.143672553,0.13978322,0.004200692,0.049637547,0.019964826,1.163432752,0.031924277,0.316117895,4.253113535,3.662202872,0.686318377,0.001050564,0.01787658,0.789071941,0.00046512,1.36136296,0.084199808,0.439515056
37,ee78a1aa6e62f1a172b9f94a8c02086e,3.080966814,1.061274085,1.339669023,0.983395134,0.44484216,22.62099307,0.188307538,0.691340911,0.363169337,0.473363133,0.553211352,0.277193922,0.772681896,0.586781177,0.127316274,1.232659441,0.116596945,0.006297706,0.108571273,0.017671885,1.499311762,0.033380588,0.366495161,2.972512485,3.348549754,0.629264007,0.000938448,0.006847258,0.874966727,0.000925551,1.26307858,0.089361664,0.404313313
37,e50b5f4cea9eee2c0461a49c9ca094e5,2.935566233,0.835978413,1.048385787,1.247594518,0.228094526,18.98401123,0.206882445,0.580579669,0.435502741,0.570221247,0.685886519,0.300200064,0.809948689,0.544601947,0.191916285,1.246559242,0.124635825,0.005724818,0.111695524,0.015554755,1.817093285,0.033877605,0.375464,4.103586764,1.701328844,0.605174285,0.001044183,0.008320377,0.861243311,0.000835047,1.222346641,0.08210706,0.428801783
37,8cce975caff9b1e330b3d844e44b2680,3.112394698,1.007953052,1.285330013,1.153195627,0.334032431,18.21006613,0.193740433,0.635446376,0.388379942,0.529230621,0.573645299,0.326086947,0.949440625,0.609327776,0.13317449,1.259641051,0.129184374,0.00734828,0.093980476,0.01643757,1.506342861,0.035067836,0.370878192,3.808038561,2.159830433,0.6310502,0.001009531,0.00805223,0.904245014,0.000854041,1.384708958,0.084771653,0.422160308
